kC,kC,43.064325,141.346878
Dys,Dys,43.061972,141.354374
,Dys,43.05536,141.341005
k,Dysk,43.090693,141.340882
,Dys,43.076242,141.363662
΋,Dys΋,43.045445,141.396378
L,DysL,43.03137,141.379974
,Dys,42.989995,141.353496
,Dys,43.074347,141.300898
ʋ,Dysʋ,43.036213,141.474733
,Dys,43.121972,141.245782
c,Dysc,42.999432,141.443842
َs,َs,41.768712,140.729108
Ms,Ms,43.190753,140.994605
s,s,43.770799,142.364798
s,s,42.315204,140.973784
Hs,Hs,42.984856,144.38167
эLs,эLs,42.924014,143.196195
ks,ks,43.803197,143.894925
[s,[s,43.056814,141.974069
〈s,〈s,43.196169,141.775857
ԑs,ԑs,44.020631,144.273422
Gs,Gs,43.940987,141.637009
Ϗqs,Ϗqs,42.634094,141.605503
ts,ts,45.415675,141.673082
Ss,Ss,43.332951,141.853986
ʎs,ʎs,43.51821,142.189552
]ʎs,]ʎs,43.103666,141.536103
ԕs,ԕs,43.558039,142.044223
ʎs,ʎs,44.356332,143.354279
mʎs,mʎs,44.178182,142.400927
s,s,44.355924,142.463134
O}s,O}s,43.245622,141.875342
s,s,43.330036,145.582903
Ύs,Ύs,42.821124,141.651139
s,s,43.557753,141.910371
s,s,43.494329,141.902525
̎us,̎us,43.521682,142.035353
[s,[s,43.723184,142.053528
xǖs,xǖs,43.342024,142.383104
oʎs,oʎs,42.412735,141.106556
bs,bs,42.882592,141.577799
ɒBs,ɒBs,42.471898,140.864702
kLs,kLs,42.985663,141.563625
Ύs,Ύs,43.171365,141.315514
kls,kls,41.824174,140.653067
ʒ,ʒ,43.223637,141.517003
VÑ,VÑ,43.225368,141.649247
O,O,41.429981,140.110403
,,41.483783,140.251315
m,m,41.598377,140.418861
،Ó,،Ó,41.678332,140.437635
ђ,ђ,41.895711,140.694405
,,42.026639,140.831672
X,X,42.104992,140.576446
_,_,42.255918,140.265224
,,42.513488,140.380344
],],41.869244,140.12756
m,m,41.801042,140.121398
򕔒,򕔒,41.920895,140.225475
,,41.968504,140.13546
K,K,42.17226,139.514121
,,42.429373,140.008766
Ȓ,Ȓ,42.417145,139.882999
q,q,42.700471,140.061454
s,s,42.790984,140.228891
,,42.667788,140.307739
z,z,42.809205,140.528346
jZR,jZR,42.805029,140.687991
^둺,^둺,42.762955,140.803669
s,s,42.737263,140.875574
Εʒ,Εʒ,42.795439,140.934532
ɒ,ɒ,42.858216,140.883999
m,m,42.901458,140.759012
a,a,42.980407,140.611175
,,42.979761,140.514773
,,43.063212,140.498857
_b,_b,43.143365,140.430801
ϒO,ϒO,43.29871,140.598001
Õ,Õ,43.265353,140.639078
mؒ,mؒ,43.151675,140.766168
]s,]s,43.195343,140.783542
Ԉ쑺,Ԉ쑺,43.083479,140.81364
y,y,43.063739,141.65033
ވ],ވ],43.425353,141.882816
㍻쒬,㍻쒬,43.48271,141.984202
Rm,Rm,42.999598,141.790309
,,43.01034,141.695367
IR,IR,43.05629,141.784099
`,`,43.338397,141.669604
YP,YP,43.430363,141.818727
V\Ð쒬,V\Ð쒬,43.548781,141.877126
w,w,43.700093,141.961606
ʒ,ʒ,43.767,141.957896
J,J,43.643943,141.889036
k,k,43.731426,141.879409
c,c,43.80674,141.933817
鐲,鐲,43.843321,142.354382
_y,_y,43.696303,142.451571
,,43.828201,142.508388
z,z,43.875021,142.477699
ʒ,ʒ,43.906679,142.577822
쒬,쒬,43.847128,142.770459
쒬,쒬,43.698877,142.510128
l,l,43.588279,142.467055
xǖ쒬,xǖ쒬,43.455614,142.467112
xǖ쒬,xǖ쒬,43.405576,142.425034
xǖ쒬,xǖ쒬,43.164088,142.568522
芥,芥,42.979836,142.398526
a,a,44.023119,142.413383
,,44.095746,142.361007
쒬,쒬,44.302576,142.635219
[,[,44.480994,142.342963
Ўq{,Ўq{,44.725096,142.262458
쒬,쒬,44.811488,142.071409
y,y,44.009812,142.153828
ђ,ђ,43.856063,141.524978
,,44.015141,141.662828
ϑO,ϑO,44.306086,141.652932
Hy,Hy,44.36061,141.697249
Rʑ,Rʑ,44.532149,141.766342
ʒ,ʒ,44.722462,141.792322
V,V,44.888121,141.745324
,,45.33061,142.108945
lڕʒ,lڕʒ,45.123716,142.35964
ڕʒ,ڕʒ,44.96971,142.286705
}K,}K,44.9387,142.581405
Lx,Lx,45.102847,141.777508
當,當,45.303062,141.047717
K,K,45.187041,141.139597
Kxm,Kxm,45.247459,141.214719
y,y,45.017635,141.849386
y,y,43.824248,144.107523
Õʒ,Õʒ,43.706261,144.025237
Η,Η,43.911441,144.670713
,,43.835224,144.594582
,,43.856679,144.462114
Pq{,Pq{,43.725328,143.741665
u˒,u˒,43.676328,143.586402
CԒ,CԒ,44.017859,143.774714
y,y,44.061947,143.527726
Nʒ,Nʒ,44.151465,143.572919
㒬,㒬,44.19227,143.07765
,,44.469874,143.123699
,,44.328833,142.944445
Y,Y,44.582482,142.961863
,󒬖,43.911858,144.172473
LY,LY,42.583464,140.711815
s˒,s˒,42.552556,140.885472
V,V,42.551259,141.355861
^,^,42.723566,141.877841
Β,Β,42.551223,140.764128
,,42.762798,141.818047
ނ풬,ނ풬,42.574741,141.926761
,,42.480318,142.074359
撬,撬,42.585098,142.128525
V,V,42.362417,142.318315
Y͒,Y͒,42.168355,142.768213
l,l,42.127737,142.933797
,,42.016298,143.148348
VЂ,VЂ,42.341276,142.368588
X,X,42.994115,143.197869
my,my,43.168047,143.241344
my,my,43.232615,143.296243
ǒ,ǒ,43.098876,142.989028
V,V,43.079741,142.838822
,,43.011423,142.884568
莺,莺,42.911547,143.050835
D,D,42.697864,143.134395
Xʑ,Xʑ,42.650415,143.187794
,,42.497525,143.27891
L,L,42.285841,143.311498
ʒ,ʒ,42.908198,143.356085
rc,rc,42.92898,143.448472
L,L,42.801023,143.5059
{ʒ,{ʒ,43.124615,143.610962
,񒬖,43.244786,143.55393
ʒ,ʒ,43.468914,143.747305
Yy,Yy,42.808947,143.658581
H,H,42.996124,144.466081
ݒ,ݒ,43.051951,144.847443
l,l,43.076292,145.130953
W,W,43.303337,144.600665
q,q,43.485352,144.459223
ߋ,ߋ,43.23016,144.321165
f,f,42.956161,144.071805
ʊC,ʊC,43.39399,145.117341
WÒ,WÒ,43.555191,144.971504
WÒ,WÒ,43.661309,145.131325
P,P,44.021953,145.189532
X,X,40.82444,140.740005
Xs,Xs,40.82264,140.746957
OOs,OOs,40.602965,140.464008
ˎs,ˎs,40.512278,141.488404
Ύs,Ύs,40.642608,140.594547
܏쌴s,܏쌴s,40.807835,140.446118
\acs,\acs,40.612703,141.20591
Os,Os,40.683078,141.369093
ނs,ނs,41.292835,141.183174
s,s,40.808836,140.380195
s,s,40.584114,140.566506
,,40.926023,140.955884
ʒ,ʒ,41.181875,140.48161
Hc,Hc,40.971779,140.656053
Ol,Ol,41.043159,140.632243
˃,˃򒬖,40.783011,140.233912
[Y,[Y,40.647876,139.927431
ډ,ډ,40.577437,140.297171
蒬,蒬,40.656064,140.502824
k,k,40.518356,140.567878
cɊّ,cɊّ,40.631259,140.550198
,,40.695954,140.4577
ߓc,ߓc,40.758819,140.428702
,,40.960427,140.434122
Ӓn,Ӓn,40.864447,141.128685
˒,˒,40.744714,141.157991
Z˒,Z˒,40.609526,141.324958
l,l,41.083155,141.247782
k,k,40.727871,141.257888
Z,Z,40.967375,141.374434
点,点,40.599104,141.397822
Ԓ,Ԓ,41.522388,140.90483
ʑ,ʑ,41.277726,141.3289
ԉY,ԉY,41.487487,140.995534
䑺,䑺,41.429718,140.859175
O˒,O˒,40.378423,141.25874
܌˒,܌˒,40.531208,141.307813
cq,cq,40.34003,141.15215
암,암,40.420343,141.330307
K㒬,K㒬,40.452454,141.621001
V,V,40.465784,141.1734
茧,茧,39.70357,141.152652
s,s,39.701795,141.154183
{Îs,{Îs,39.639554,141.946115
Dns,Dns,39.081901,141.708547
Ԋs,Ԋs,39.388609,141.116854
ks,ks,39.286817,141.113157
vs,vs,40.190466,141.775644
s,s,39.331014,141.532352
֎s,֎s,38.934754,141.126759
Ocs,Ocs,39.020413,141.633321
Ύs,Ύs,39.27581,141.885716
ˎs,ˎs,40.271193,141.304805
s,s,39.956511,141.07112
Bs,Bs,39.144506,141.139116
s,s,39.734739,141.077065
Β,Β,39.696319,140.975779
,,40.03984,141.436719
蒬,蒬,39.972768,141.212166
g,g,39.554536,141.155796
В,В,39.606006,141.143001
a꒬,a꒬,39.317906,140.778754
P蒬,P蒬,39.195687,141.116408
,򒬖,38.986781,141.11398
Zc,Zc,39.142209,141.575052
ƒ,ƒ,39.358196,141.899731
Rc,Rc,39.467619,141.948923
,򒬖,39.843204,141.796675
c씨,c씨,39.930454,141.888864
㑺,㑺,40.005164,141.886014
yĒ,yĒ,40.326678,141.460349
c,c,40.110272,141.817674
ˑ,ˑ,40.211356,141.418982
m쒬,m쒬,40.408298,141.71865
˒,˒,40.212733,141.29546
{錧,{錧,38.26893,140.872147
s,s,38.268008,140.869617
t,st,38.269087,140.870378
{,s{,38.266189,140.909841
ы,sы,38.24418,140.900748
,s,38.224395,140.877212
,s,38.326361,140.881615
Ίs,Ίs,38.434457,141.302906
}s,}s,38.31436,141.02203
Cs,Cs,38.908127,141.570044
Ύs,Ύs,38.002467,140.619888
s,s,38.171501,140.891849
pcs,pcs,37.977016,140.781543
s,s,38.293803,141.004369
s,s,38.104303,140.869949
oĎs,oĎs,38.691856,141.18772
Is,Is,38.730062,141.021508
s,s,38.426134,141.210278
s,s,38.577132,140.955565
xJs,xJs,38.399918,140.895485
,,38.098128,140.65868
Ph,Ph,37.993063,140.441615
͌,͌,38.049412,140.730774
c,c,38.118589,140.722404
ēc,ēc,38.056599,140.765798
蒬,蒬,38.177751,140.643188
ېX,ېX,37.911536,140.765365
j,j,38.044263,140.867924
R,R,37.962706,140.878052
,,38.380149,141.067291
l,l,38.304554,141.059143
{,{,38.330355,140.975793
a,a,38.43733,140.886309
勽,勽,38.424244,141.00446
t,t,38.467278,140.879982
F,F,38.548921,140.849876
,,38.57177,140.854759
OJ,OJ,38.539704,141.128105
,,38.5444,141.056717
쒬,쒬,38.445388,141.442693
O,O,38.680666,141.462492
Hc,Hc,39.718626,140.102381
Hcs,Hcs,39.719929,140.102512
\s,\s,40.212131,140.026641
s,s,39.313777,140.566636
َs,َs,40.271685,140.565241
js,js,39.886721,139.8475
s,s,39.164074,140.494683
ps,ps,40.215789,140.788519
R{s,R{s,39.385814,140.048819
s,s,39.857288,140.013049
s,s,39.45309,140.475448
kHcs,kHcs,40.226046,140.370728
ɂَs,ɂَs,39.203067,139.907649
ks,ks,39.700044,140.730728
⒬,⒬,40.332926,140.736191
㏬m,㏬m,40.063263,140.295736
,,40.278399,140.261879
O풬,O풬,40.101615,140.004981
,,40.318715,140.038618
܏ڒ,܏ڒ,39.943895,140.111309
Y,Y,39.949355,140.073335
쒬,쒬,39.914188,140.081265
劃,劃,40.017788,139.960064
,,39.461633,140.582127
H㒬,H㒬,39.199323,140.412881
,,39.179185,140.648892
R`,R`,38.24055,140.363358
R`s,R`s,38.255436,140.339605
đs,đs,37.921869,140.11614
߉s,߉s,38.727183,139.826725
cs,cs,38.914386,139.836513
Vs,Vs,38.76496,140.301664
͍]s,͍]s,38.380954,140.276068
Rs,Rs,38.149562,140.26783
Rs,Rs,38.483352,140.38038
s,s,38.106088,140.033947
Vs,Vs,38.362177,140.377802
s,s,38.431292,140.391021
ԑs,ԑs,38.60062,140.405693
zs,zs,38.055116,140.148309
RӒ,RӒ,38.289217,140.26218
R,R,38.333122,140.283051
͖k,͖k,38.426276,140.31431
쒬,쒬,38.426487,140.147661
,,38.299293,140.145924
],],38.380713,140.206793
Γc,Γc,38.593877,140.372647
R,R,38.88344,140.339367
ŏ㒬,ŏ㒬,38.758467,140.519359
M`,M`,38.691417,140.319988
^쒬,^쒬,38.85692,140.251633
呠,呠,38.704121,140.230368
쑺,쑺,38.796455,140.222007
ˑ,ˑ򑺖,38.737601,140.143569
,,38.002745,140.189113
쐼,쐼,38.005203,140.053181
,,38.061391,139.743333
钬,钬,38.183069,140.098571
іL,іL,38.045714,139.987617
O쒬,O쒬,38.794529,139.849612
,,38.849558,139.904036
V,V,39.014836,139.908662
,,37.750019,140.467737
s,s,37.76083,140.474747
Îᏼs,Îᏼs,37.494842,139.929707
SRs,SRs,37.400455,140.35965
킫s,킫s,37.050456,140.887687
͎s,͎s,37.126379,140.210923
{s,{s,37.286504,140.372655
쑽s,쑽s,37.651134,139.874484
ns,ns,37.797353,140.918937
{s,{s,37.584783,140.431199
cs,cs,37.440621,140.57631
쑊ns,쑊ns,37.642197,140.957237
ɒBs,ɒBs,37.819095,140.562894
{{s,{{s,37.513162,140.393877
Kܒ,Kܒ,37.85472,140.520851
,,37.87681,140.549273
얓,얓,37.664989,140.598244
ʑ,ʑ,37.534362,140.371058
Β,Β,37.252858,140.343405
Vh,Vh,37.255576,140.247165
,,37.255571,139.872084
w},w}򑺖,37.024141,139.388941
,,37.348657,139.315789
Ò,Ò,37.200389,139.773215
k,k,37.655673,139.937383
Ò,Ò,37.587396,139.649301
֒,֒򒬖,37.562099,139.988766
c㒬,c㒬,37.557799,140.104794
Í≺,Í≺,37.561457,139.821732
쑺,쑺,37.565351,139.886756
Ò,Ò,37.526035,139.719552
O,O,37.470292,139.644441
R,R,37.453735,139.524524
a,a,37.335446,139.610666
Ô,Ô,37.464985,139.834177
,,37.141767,140.155299
葺,葺,37.153784,140.303363
,,37.148756,140.35023
,,37.201221,140.338493
Iq,Iq,37.029867,140.379591
Ւ,Ւ,36.871334,140.424755
,,36.957238,140.409647
L쑺,L쑺,37.042229,140.509699
ΐ쒬,ΐ쒬,37.157072,140.446775
ʐ쑺,ʐ쑺,37.210718,140.408939
c,c,37.221995,140.575655
쒬,쒬,37.080947,140.412852
Óa,Óa,37.089182,140.555692
Ot,Ot,37.4405,140.493389
쒬,쒬,37.286823,140.62628
L쒬,L쒬,37.214403,140.994561
t,t,37.282605,140.993465
x,x,37.345496,141.008652
,,37.33768,140.809266
F,F,37.382087,140.958264
ot,ot,36.921861,140.800626
Q],Q],37.494594,141.000746
,,37.503547,140.764518
Vn,Vn,37.876379,140.919591
ъڑ,ъڑ,37.678947,140.735091
錧,錧,36.341737,140.446824
ˎs,ˎs,36.365861,140.471222
s,s,36.599016,140.651546
yYs,yYs,36.078391,140.204143
É͎s,É͎s,36.178228,139.755371
Ήs,Ήs,36.19084,140.287242
s,s,36.289625,139.87147
Ps,Ps,35.911594,140.182265
Ȏs,Ȏs,36.184516,139.967374
푍s,푍s,36.023563,139.993934
헤cs,헤cs,36.538227,140.530929
s,s,36.713674,140.709506
ks,ks,36.801892,140.751032
}Ԏs,}Ԏs,36.345128,140.304232
s,s,35.911474,140.050305
vs,vs,35.979397,140.149532
Ύs,Ύs,36.08356,140.076473
ЂȂs,ЂȂs,36.396615,140.534676
s,s,35.965721,140.644852
s,s,35.947134,140.555364
Js,Js,35.951327,139.975465
헤{s,헤{s,36.542592,140.411012
߉ώs,߉ώs,36.457424,140.486726
}s,}s,36.305263,139.979417
Ⓦs,Ⓦs,36.048363,139.88868
~s,~s,35.972927,140.303583
݂s,݂s,36.151812,140.237006
s,s,36.327273,140.090478
_s,_s,35.889972,140.664527
ss,ss,35.990166,140.4891
gcs,gcs,36.158687,140.516437
΂݂炢s,΂݂炢s,35.962911,140.037069
ʎs,ʎs,36.239283,140.352589
钬,钬,36.286921,140.424517
,,36.313356,140.574888
闢,闢,36.479297,140.376241
C,C,36.472882,140.566301
q,q,36.768099,140.355275
Y,Y,36.004554,140.301906
,,36.03087,140.214769
͓,͓,35.884743,140.244516
㒬,㒬,36.181632,139.891145
܉,܉,36.114116,139.745832
,,36.108529,139.795054
,,35.857825,140.139106
Ȗ،,Ȗ،,36.565832,139.88362
Fs{s,Fs{s,36.555115,139.882807
s,s,36.340146,139.449696
Ȗ؎s,Ȗ؎s,36.382414,139.734111
s,s,36.314369,139.578356
s,s,36.566681,139.745045
s,s,36.719861,139.698204
Rs,Rs,36.314572,139.800735
^s,^s,36.440515,140.012467
cs,cs,36.871076,140.015458
s,s,36.806732,139.924226
ߐ{s,ߐ{s,36.96169,140.046044
s,s,36.685295,139.966474
ߐ{GRs,ߐ{GRs,36.656891,140.151376
s,s,36.395227,139.85192
O쒬,O쒬,36.439268,139.910214
vq,vq,36.467353,140.093381
Ζؒ,Ζؒ,36.532184,140.187535
sL,sL,36.543242,140.102113
F꒬,F꒬,36.548212,140.058199
p,p,36.427058,139.803935
ؒ,ؒ,36.233263,139.740818
J,J,36.777605,139.850578
,򒬖,36.630976,139.986672
ߐ{,ߐ{,37.01977,140.121008
߉ϐ쒬,߉ϐ쒬,36.736223,140.17282
Qn,Qn,36.391194,139.060883
Os,Os,36.389413,139.063493
s,s,36.32195,139.003355
ːs,ːs,36.40521,139.330646
ɐs,ɐs,36.311341,139.19696
cs,cs,36.291127,139.37536
cs,cs,36.64396,139.042784
ٗюs,ٗюs,36.244841,139.542057
as,as,36.48948,139.000394
s,s,36.258509,139.074564
xs,xs,36.259852,138.889954
s,s,36.326298,138.887244
݂ǂs,݂ǂs,36.394819,139.281076
Y,Y,36.438647,138.967118
g,g,36.447443,139.0097
쑺,쑺,36.083135,138.777334
_,_,36.116013,138.916991
mc,mc,36.21247,138.789083
q,q,36.158553,138.711406
Êy,Êy,36.243009,138.921752
V,V𒬖,36.589843,138.841075
쌴,쌴,36.544321,138.649837
ڗ,ڗ,36.516735,138.530298
Ò,Ò,36.620711,138.596127
R,R,36.620809,138.943477
Ȓ,Ȓ,36.571564,138.820571
Еi,Еi,36.772549,139.225241
ꑺ,ꑺ,36.694683,139.106512
a,a,36.639761,139.065881
݂Ȃݒ,݂Ȃݒ,36.67865,138.999055
ʑ,ʑ,36.304435,139.114916
q,q,36.225962,139.601938
a,a,36.211283,139.534228
c,c,36.217754,139.442437
,򒬖,36.247862,139.404843
Wy,Wy,36.252392,139.4623
ʌ,ʌ,35.857033,139.649012
܎s,܎s,35.861515,139.645502
܎s,܎s,35.925166,139.579633
܎sk,܎sk,35.93139,139.620287
܎s{,܎s{,35.901785,139.630631
܎s,܎s,35.935216,139.654427
܎s,܎s,35.883965,139.626177
܎s,܎s,35.855876,139.609766
܎sYa,܎sYa,35.86197,139.645408
܎s,܎s,35.84526,139.645437
܎s΋,܎s΋,35.871095,139.684017
܎s΋,܎s΋,35.949882,139.694182
zs,zs,35.925112,139.48584
FJs,FJs,36.147362,139.388664
s,s,35.806733,139.7234
scs,scs,36.138951,139.455646
s,s,35.991681,139.085475
s,s,35.799672,139.468613
є\s,є\s,35.85576,139.327791
{s,{s,36.131438,139.601775
{s,{s,36.243329,139.190629
Rs,Rs,36.042162,139.39995
ts,ts,35.975305,139.752409
Rs,Rs,35.852907,139.412227
Hs,Hs,36.172667,139.548592
s,s,36.065758,139.522172
[Js,[Js,36.197018,139.281714
s,s,35.977408,139.593203
s,s,35.825371,139.805327
zJs,zJs,35.890805,139.791014
ns,ns,35.825576,139.679758
˓cs,˓cs,35.817635,139.677931
Ԏs,Ԏs,35.835769,139.391058
s,s,35.797255,139.593919
u؎s,u؎s,35.836614,139.58023
as,as,35.781104,139.605693
Vs,Vs,35.793497,139.56533
s,s,36.002966,139.558177
vs,vs,36.062059,139.666838
k{s,k{s,36.027026,139.53024
s,s,35.822539,139.839175
xms,xms,35.856759,139.549074
Os,Os,35.830132,139.872247
@cs,@cs,35.994504,139.6622
ˎs,ˎs,35.957262,139.402983
Ks,Ks,36.078089,139.725805
߃s,߃s,35.934523,139.393126
s,s,35.907748,139.33914
gs,gs,35.895962,139.855651
ӂݖs,ӂݖs,35.879396,139.51982
s,s,36.01907,139.676861
ɓޒ,ɓޒ,35.999865,139.623877
OF,OF,35.828347,139.526514
јCR,јCR,35.941596,139.315954
z,z,35.964478,139.294202
쒬,쒬,36.06599,139.360919
R,R,36.056568,139.320514
쒬,쒬,36.056657,139.261789
쓇,쓇,35.992494,139.484352
g,g,36.039853,139.45373
R,R,35.981468,139.334106
Ƃ풬,Ƃ풬,36.00857,139.296763
,,35.987286,139.100049
F쒬,F쒬,36.070845,139.098754
Ғ,Ғ,36.114787,139.10972
쒬,쒬,36.017138,139.008604
,,36.058148,139.194573
,,36.177104,139.18141
_쒬,_쒬,36.213901,139.101578
㗢,㗢,36.251615,139.14487
񋏒,񋏒,36.118348,139.193014
{㒬,{㒬,36.022593,139.723069
˒,˒,36.025618,139.736829
,,35.925751,139.815139
t,t,35.60456,140.123154
ts,ts,35.607331,140.10638
,ts,35.607428,140.123049
Ԍ,tsԌ,35.662876,140.069061
ы,tsы,35.636202,140.107106
t,tst,35.634016,140.155653
΋,ts΋,35.560501,140.176153
l,tsl,35.640552,140.06304
qs,qs,35.734667,140.826791
ss,ss,35.721857,139.931067
Ds,Ds,35.694711,139.982621
َRs,َRs,34.996608,139.870085
؍XÎs,؍XÎs,35.381208,139.924905
ˎs,ˎs,35.787652,139.903226
cs,cs,35.955106,139.874828
Όs,Όs,35.42854,140.28805
cs,cs,35.776605,140.318781
qs,qs,35.723441,140.223972
s,s,35.559932,140.366115
s,s,35.716116,140.648217
Kus,Kus,35.681631,140.027288
s,s,35.868295,139.976199
Ys,Ys,35.152211,140.320868
ss,ss,35.497897,140.115594
Rs,Rs,35.856287,139.902586
s,s,35.722381,140.099915
䑷qs,䑷qs,35.864162,140.028225
s,s,35.114017,140.098805
PJs,PJs,35.776765,140.000736
NÎs,NÎs,35.330424,139.902561
xÎs,xÎs,35.30414,139.857113
Ys,Ys,35.653988,139.902187
lXs,lXs,35.669713,140.167957
PYs,PYs,35.429945,139.954353
Xs,Xs,35.665859,140.317913
󐼎s,󐼎s,35.832332,140.145765
s,s,35.791503,140.056372
xs,xs,35.72681,140.343071
[s,[s,35.043147,139.839997
xs,xs,35.707914,140.564356
s,s,35.89773,140.499248
Rs,Rs,35.602992,140.413531
ݎs,ݎs,35.253887,140.385117
Ԕs,Ԕs,35.521708,140.320963
X䒬,X䒬,35.724751,140.269483
h,h,35.840866,140.243945
_蒬,_蒬,35.901611,140.405326
Ò,Ò,35.735592,140.467727
,,35.83715,140.668786
\㗢,\㗢,35.535065,140.44025
ŎR,ŎR,35.693064,140.414255
Ō,Ō,35.665609,140.504396
{,{,35.372812,140.368734
r,r򒬖,35.361091,140.319275
,,35.412179,140.354058
q,q,35.45434,140.374253
,,35.431152,140.227073
쒬,쒬,35.386423,140.237039
命쒬,命쒬,35.284822,140.245419
h,h,35.191484,140.348785
쒬,쒬,35.111131,139.835645
s,s,35.689444,139.69167
c,c,35.694003,139.753634
,,35.670587,139.772003
`,`,35.658071,139.751599
Vh,Vh,35.69389,139.703463
,,35.707976,139.752473
䓌,䓌,35.712607,139.779984
nc,nc,35.710724,139.801497
],],35.672859,139.817365
i,i,35.609066,139.73025
ڍ,ڍ,35.64141,139.698118
c,c,35.56126,139.715987
cJ,cJ,35.646481,139.653208
aJ,aJ,35.663982,139.697948
,,35.707268,139.663738
,,35.699546,139.636414
L,L,35.726121,139.716678
k,k,35.752805,139.733657
r,r,35.736083,139.783372
,,35.751245,139.709246
n,n,35.7356,139.651725
,,35.774945,139.804584
,,35.74343,139.847213
]ː,]ː,35.706648,139.868312
qs,qs,35.66657,139.316075
s,s,35.713981,139.407846
s,s,35.717837,139.565938
Os,Os,35.683308,139.559883
~s,~s,35.788171,139.274994
{s,{s,35.668921,139.477663
s,s,35.705705,139.353773
zs,zs,35.650628,139.540683
cs,cs,35.546559,139.438527
s,s,35.699479,139.502989
s,s,35.728496,139.477474
s,s,35.671347,139.394981
Rs,Rs,35.754624,139.468484
s,s,35.710943,139.462252
s,s,35.683912,139.441366
s,s,35.738601,139.326744
]s,]s,35.634814,139.578696
as,as,35.745328,139.426591
s,s,35.785278,139.526704
vĎs,vĎs,35.757992,139.529673
Rs,Rs,35.754906,139.387421
s,s,35.636959,139.446366
s,s,35.637938,139.504603
Hs,Hs,35.767168,139.311042
s,s,35.728959,139.294046
s,s,35.725499,139.538159
䒬,䒬,35.771924,139.354116
̏o,̏o,35.742115,139.257405
w,w,35.72684,139.148852
,,35.80952,139.096214
哇,哇,34.750058,139.355619
,,34.529354,139.282584
V,V,34.377138,139.256556
_Ó,_Ó,34.205371,139.134426
O,O,34.075779,139.479747
䑠,䑠,33.897156,139.596009
䒬,䒬,33.112802,139.789065
,,32.466537,139.763337
},},27.09438,142.191904
_ސ쌧,_ސ쌧,35.447778,139.642502
ls,ls,35.450195,139.634903
ߌ,lsߌ,35.508398,139.682384
_ސ,ls_ސ,35.477051,139.629293
,ls,35.453609,139.616877
,ls,35.444688,139.642203
,ls,35.434423,139.627509
ۓyPJ,lsۓyPJ,35.459854,139.596029
q,lsq,35.402489,139.618458
,ls,35.337199,139.624497
`k,ls`k,35.519016,139.633197
˒ˋ,ls˒ˋ,35.400223,139.533467
`,ls`,35.400799,139.592511
,ls,35.474761,139.5448
΋,ls΋,35.512407,139.538011
J,lsJ,35.466397,139.499188
h,lsh,35.36439,139.554106
,ls,35.417899,139.488693
t,lst,35.552831,139.537092
s},lss},35.544937,139.57103
s,s,35.530806,139.703012
,s,35.529394,139.703279
K,sK,35.544449,139.686978
,s,35.576258,139.655756
Ë,sË,35.599443,139.608032
,s,35.619609,139.562113
{O,s{O,35.589216,139.57858
,s,35.603769,139.505686
͌s,͌s,35.571376,139.373268
΋,͌s΋,35.595639,139.33759
,͌s,35.571376,139.373268
,͌s,35.530342,139.430092
{s,{s,35.281276,139.672284
ˎs,ˎs,35.335502,139.349412
qs,qs,35.319228,139.54669
s,s,35.33894,139.491116
cs,cs,35.264694,139.152355
s,s,35.333879,139.404702
qs,qs,35.295592,139.580414
OYs,OYs,35.144176,139.620765
`s,`s,35.3748,139.219946
؎s,؎s,35.443049,139.362442
as,as,35.487515,139.45795
ɐs,ɐs,35.402985,139.314906
CVs,CVs,35.446449,139.390803
Ԏs,Ԏs,35.48864,139.407637
쑫s,쑫s,35.320633,139.099729
s,s,35.437161,139.426348
tR,tR,35.272025,139.586275
쒬,쒬,35.372963,139.384188
钬,钬,35.30694,139.311348
{,{,35.299494,139.255525
䒬,䒬,35.330751,139.218766
䒬,䒬,35.326619,139.156649
c,c,35.348199,139.139337
Rk,Rk,35.360631,139.083806
J,J,35.336058,139.12341
,,35.232301,139.106886
^ߒ,^ߒ,35.158399,139.137233
͌,͌,35.147931,139.108336
쒬,쒬,35.528746,139.32172
쑺,쑺,35.48233,139.276374
V,V,37.902451,139.023245
Vs,Vs,37.916128,139.036402
k,Vsk,37.913539,139.221624
,Vs,37.924894,139.092606
,Vs,37.922505,139.043229
],Vs],37.86766,139.094013
Ht,VsHt,37.788362,139.114618
,Vs,37.765817,139.019184
,Vs,37.874081,138.971648
,Vs,37.760333,138.889253
s,s,37.446587,138.851224
Os,Os,37.636768,138.9617
s,s,37.364903,138.557756
Vcs,Vcs,37.947954,139.327151
Js,Js,37.31435,138.795097
Ύs,Ύs,37.666335,139.04022
\s,\s,37.127588,138.75571
s,s,37.531496,138.912724
s,s,38.22399,139.48004
s,s,37.673149,138.882249
s,s,37.039025,137.862658
s,s,37.025265,138.253485
ܐs,ܐs,37.744483,139.182568
zs,zs,37.147873,138.236039
s,s,37.834509,139.226002
ns,ns,38.018302,138.368138
s,s,37.236431,138.963775
싛s,싛s,37.065522,138.876081
ٓs,ٓs,38.059708,139.41035
Ē,Ē,37.974526,139.274374
F,F,37.691007,138.855252
c㒬,c㒬,37.698857,139.057993
꒬,꒬,37.675487,139.458781
o_蒬,o_蒬,37.530715,138.709361
,򒬖,36.934007,138.817424
Ó쒬,Ó쒬,37.014313,138.652547
H,H,37.422361,138.622442
֐쑺,֐쑺,38.089412,139.564957
Y,Y,38.468213,139.25436
xR,xR,36.695271,137.211333
xRs,xRs,36.695982,137.213449
s,s,36.754099,137.025717
Îs,Îs,36.827367,137.40919
Xs,Xs,36.855978,136.972868
s,s,36.764394,137.34118
s,s,36.87151,137.448028
vgs,vgs,36.647467,136.962167
s,s,36.675531,136.868653
vs,vs,36.557453,136.875434
ːs,ːs,36.730479,137.075399
M,M,36.703525,137.307372
s,s,36.698429,137.362586
R,R,36.663346,137.313658
P,P,36.933578,137.502128
,,36.946179,137.559868
ΐ쌧,ΐ쌧,36.594606,136.625669
s,s,36.561051,136.656633
s,s,37.043108,136.967296
s,s,36.408357,136.445588
֓s,֓s,37.390839,136.899206
Fs,Fs,37.436369,137.260406
s,s,36.302669,136.314685
Hs,Hs,36.893599,136.778999
قs,قs,36.719973,136.706668
Rs,Rs,36.514427,136.565833
\s,\s,36.446888,136.554028
Xss,Xss,36.519466,136.609685
k,k,36.468505,136.542407
Ô,Ô,36.668798,136.728885
咬,咬,36.65353,136.645125
u꒬,u꒬,37.006187,136.77801
Bu,Bu,36.862759,136.797557
\o,\o,36.98889,136.901476
,,37.230874,136.912479
\o,\o,37.310414,137.147782
䌧,䌧,36.065233,136.221775
s,s,36.06412,136.219452
։s,։s,35.645222,136.055544
ls,ls,35.495593,135.746647
s,s,35.980564,136.487692
Rs,Rs,36.060917,136.500542
I]s,I]s,35.956565,136.184238
s,s,36.211361,136.229012
zOs,zOs,35.90392,136.168989
s,s,36.166805,136.231501
i,i,36.092248,136.298724
rc,rc,35.890383,136.344079
zO,zO,35.83515,136.194435
zO,zO,35.974199,136.129191
l,l,35.6006,135.940619
l,l,35.487904,135.545969
,,35.481128,135.617885
ዷ,ዷ,35.548882,135.908384
R,R,35.663889,138.568335
b{s,b{s,35.662033,138.568339
xmgcs,xmgcs,35.487499,138.807857
ss,ss,35.551565,138.90547
Rs,Rs,35.693429,138.686955
匎s,匎s,35.610474,138.940041
Bs,Bs,35.708804,138.446192
AvXs,AvXs,35.608361,138.465005
kms,kms,35.776501,138.423537
bs,bs,35.660829,138.515796
Js,Js,35.647296,138.63973
쌴s,쌴s,35.630301,139.108751
bBs,bBs,35.704286,138.729424
s,s,35.599643,138.517269
sO,sO,35.56512,138.502406
쒬,쒬,35.412658,138.363192
g,g,35.467569,138.442488
암,암,35.2423,138.486054
xm쒬,xm쒬,35.561163,138.461305
a,a,35.627928,138.535148
u,u,35.528025,139.033429
j,j,35.524082,138.84688
E쑺,E쑺,35.460062,138.847853
RΑ,RΑ,35.410644,138.861078
,򑺖,35.481318,138.706609
xm͌Β,xm͌Β,35.497297,138.754926
,,35.760274,138.940283
OgR,OgR,35.789716,138.92225
쌧,쌧,36.651306,138.180904
s,s,36.648631,138.194287
{s,{s,36.238096,137.971992
cs,cs,36.401978,138.248676
Js,Js,36.067003,138.049557
ѓcs,ѓcs,35.514703,137.821824
zKs,zKs,36.039175,138.113984
{s,{s,36.651117,138.307275
s,s,36.326874,138.426021
ɓߎs,ɓߎs,35.827478,137.954083
s,s,35.728861,137.933993
s,s,36.742027,138.36947
咬s,咬s,36.502976,137.851169
юRs,юRs,36.851745,138.365498
s,s,35.995571,138.158896
Ks,Ks,36.11502,137.95338
vs,vs,36.248788,138.476831
Ȏs,Ȏs,36.530707,138.114895
s,s,36.35955,138.330295
ܖs,ܖs,36.303933,137.905755
C,C,36.095241,138.483515
㑺,㑺,35.975487,138.578605
q,q,36.020907,138.492185
쑊ؑ,쑊ؑ,36.036072,138.54689
kؑ,kؑ,36.059195,138.551203
v䒬,v䒬,36.16098,138.483425
y,y򒬖,36.34831,138.596966
c,c,36.322732,138.506505
Ȓ,Ȓ,36.272089,138.315991
ؑ,ؑ,36.369998,138.128698
a,a,36.269903,138.258071
zK,zK,36.069577,138.080068
xm,xm,35.914652,138.24074
,,35.964354,138.217471
C쒬,C쒬,35.982413,137.987428
֒,֒,35.91502,137.981992
ѓ,ѓ,35.676622,137.919523
얥֑,얥֑,35.872853,137.975084
쑺,쑺,35.634617,137.945961
{c,{c,35.768882,137.944209
쒬,쒬,35.597231,137.909667
X,X,35.551542,137.878519
쒬,쒬,35.32362,137.81609
q,q,35.443791,137.747444
J,J,35.323279,137.630083
H,H,35.255296,137.581784
,,35.39733,137.785926
ؑ,ؑ,35.271068,137.711191
V,V,35.276307,137.854244
ו,ו,35.377434,137.846157
ؑ,ؑ,35.513823,137.873751
Lu,Lu,35.551497,137.895791
厭,厭,35.578234,138.034044
㏼,㏼,35.782187,137.693235
ؑ],ؑ],35.603787,137.608936
ؑc,ؑc,35.936307,137.783163
ꑺ,ꑺ,35.809343,137.551076
K,K,35.682834,137.664938
ؑ],ؑ],35.841898,137.69133
ё,ё,36.456086,138.045267
⑺,⑺,36.425234,137.927484
R`,R`,36.168104,137.87897
,,36.129115,137.867267
}k,}k,36.402654,138.011775
rc,rc,36.421368,137.874499
쑺,쑺,36.424045,137.854556
n,n,36.69807,137.861969
J,J,36.779206,137.908305
钬,钬,36.461839,138.180106
z{,z{,36.697478,138.312146
R,R,36.67977,138.363261
Rm,Rm,36.744606,138.412621
ؓ,ؓ,36.857947,138.406966
򉷐,򉷐򑺖,36.922728,138.440456
MZ,MZ,36.806379,138.206991
쑺,쑺,36.617135,137.974801
эj,эj,36.754421,138.23548
h,h,36.987481,138.577359
򕌌,򕌌,35.391111,136.722222
򕌎s,򕌎s,35.426201,136.759937
_s,_s,35.35989,136.612795
Rs,Rs,36.146093,137.252206
s,s,35.332773,137.132078
֎s,֎s,35.495777,136.917895
Ðs,Ðs,35.487493,137.500616
Zs,Zs,35.544713,136.90757
Qs,Qs,35.36174,137.254639
Hs,Hs,35.319489,136.702718
bߎs,bߎs,35.44932,137.412817
ZΎs,ZΎs,35.440242,137.015664
ys,ys,35.352497,137.183205
es,es,35.398621,136.848479
s,s,35.426132,137.061075
Rs,Rs,35.506111,136.781401
s,s,35.391826,136.690784
ˎs,ˎs,36.238144,137.186246
{s,{s,35.483052,136.678771
Ss,Ss,35.748569,136.964368
Cs,Cs,35.805879,137.244061
CÎs,CÎs,35.22047,136.636612
쒬,쒬,35.389594,136.78262
},},35.367222,136.763192
{V,{V,35.308411,136.561359
䒬,䒬,35.366268,136.537944
փP,փP,35.365523,136.466976
_˒,_˒,35.417349,136.608517
֔V,֔V,35.285113,136.637444
,,35.335418,136.665415
K쒬,K쒬,35.486948,136.5682
쒬,쒬,35.470675,136.627636
rc,rc,35.4423,136.572851
k,k,35.435721,136.684408
j,j,35.426734,136.98537
x,x,35.484761,136.979707
Ӓ,Ӓ,35.486548,137.070605
@,@,35.54384,137.119946
SÒ,SÒ,35.475988,137.141499
쒬,쒬,35.581862,137.187821
쑺,쑺,35.64256,137.323745
䐓,䐓,35.434493,137.130885
쑺,쑺,36.270904,136.898542
É,É,34.976944,138.383056
És,És,34.975473,138.382388
És,És,34.975135,138.383259
Ésx͋,Ésx͋,34.960745,138.404047
És,És,35.01573,138.489603
ls,ls,34.710865,137.726117
ls,ls,34.710865,137.726117
ls,ls,34.741339,137.791742
ls,ls,34.692706,137.645322
ls,ls,34.667319,137.752372
lsk,lsk,34.806151,137.651104
lslk,lslk,34.791628,137.783281
lsV,lsV,34.872686,137.815924
Îs,Îs,35.095723,138.863337
MCs,MCs,35.095987,139.071546
Os,Os,35.118483,138.918501
xm{s,xm{s,35.221983,138.621656
ɓs,ɓs,34.96568,139.102048
cs,cs,34.836417,138.176055
xms,xms,35.161386,138.676311
֓cs,֓cs,34.717881,137.851511
ĒÎs,ĒÎs,34.86717,138.322812
|s,|s,34.768717,137.998403
}s,}s,34.867349,138.257548
as,as,35.308615,138.934506
܈s,܈s,34.75016,137.924624
cs,cs,34.679536,138.945316
s,s,35.173891,138.906724
ΐs,ΐs,34.718474,137.531617
ɓs,ɓs,34.976591,138.946715
Os,Os,34.637977,138.128117
es,es,34.757721,138.084539
ɓ̍s,ɓ̍s,35.027713,138.928885
qVs,qVs,34.740059,138.224641
ɓ,ɓ,34.772816,139.041265
͒Ò,͒Ò,34.757018,138.987622
ɓ,ɓ,34.651089,138.858533
蒬,蒬,34.752763,138.778757
ɓ,ɓ,34.771693,138.775334
쒬,쒬,35.088937,138.953348
,,35.099015,138.90272
,򒬖,35.137712,138.897258
R,R,35.36011,138.987296
gc,gc,34.77087,138.251943
썪{,썪{,35.046822,138.081695
X,X,34.835601,137.927088
m,m,35.180278,136.906667
És,És,35.181433,136.906421
,És,35.166534,136.9464
,És,35.179314,136.926043
k,Ésk,35.194169,136.911558
,És,35.189109,136.890058
,És,35.16874,136.872944
,És,35.168607,136.910156
a,Ésa,35.150216,136.934166
,És,35.131439,136.934953
Mc,ÉsMc,35.128372,136.910317
,És,35.141539,136.854816
`,És`,35.107792,136.885553
,És,35.095127,136.931212
R,ÉsR,35.203343,136.97633
΋,És΋,35.070721,136.952602
,És,35.175862,137.010239
V,ÉsV,35.12274,136.975049
Ls,Ls,34.769199,137.391469
s,s,34.954809,137.172999
{s,{s,35.304013,136.802344
ˎs,ˎs,35.22362,137.084117
cs,cs,34.892626,136.93785
ts,ts,35.247664,136.972232
Ls,Ls,34.826784,137.375578
Ós,Ós,35.17704,136.741236
ɓs,ɓs,34.884782,136.993362
Js,Js,34.988864,137.00206
Lcs,Lcs,35.082345,137.156224
s,s,34.958644,137.080297
s,s,34.862009,137.061741
Ss,Ss,34.826439,137.219653
Rs,Rs,35.378641,136.944625
튊s,튊s,34.886678,136.832375
]s,]s,35.331953,136.870453
qs,qs,35.290311,136.910948
s,s,35.248135,136.780216
Vs,Vs,34.899012,137.497858
Cs,Cs,35.022976,136.902229
{s,{s,35.011611,136.963868
ms,ms,34.996533,136.864755
ms,ms,35.001285,137.050843
s,s,35.216568,137.035412
ls,ls,34.92763,136.98766
qs,qs,35.279433,136.871428
Ls,Ls,35.053756,137.013124
is,is,35.132018,137.039414
cs,cs,34.668972,137.26383
s,s,35.152802,136.728217
{s,{s,35.199848,136.852934
kÉs,kÉs,35.245657,136.865961
xs,xs,35.110124,136.72477
݂悵s,݂悵s,35.089699,137.074728
܎s,܎s,35.200498,136.783227
vs,vs,35.18412,137.048631
,,35.09679,137.052623
LR,LR,35.250462,136.911977
,,35.332444,136.907694
}K,}K,35.35914,136.913079
厡,厡,35.175089,136.8201
I],I],35.132339,136.786679
򓇑,򓇑,35.078804,136.791157
v䒬,v䒬,34.932569,136.915512
Y,Y,34.977139,136.965569
m,m,34.715169,136.929934
l,l,34.778843,136.908251
L,L,34.85097,136.914937
Kc,Kc,34.864425,137.165667
݊y,݊y,35.097298,137.571225
h,h,35.07693,137.697833
L,L,35.146394,137.719871
Od,Od,34.730278,136.508611
Îs,Îs,34.718563,136.505443
lss,lss,34.965092,136.624427
ɐs,ɐs,34.487506,136.709286
s,s,34.577974,136.527595
Ks,Ks,35.062288,136.683539
鎭s,鎭s,34.881866,136.584185
s,s,34.627662,136.108299
hs,hs,34.070799,136.190998
TRs,TRs,34.855755,136.451645
Hs,Hs,34.481432,136.843378
Fs,Fs,33.88862,136.100288
Ȃ׎s,Ȃ׎s,35.158426,136.516697
us,us,34.328218,136.829655
ɉs,ɉs,34.749886,136.142286
ؑ],ؑ],35.075958,136.731353
,,35.074125,136.583756
Ԗ쒬,Ԗ쒬,35.020001,136.507346
,,35.034221,136.664366
z,z,35.02295,136.673971
C,C,34.496156,136.546149
a,a,34.547528,136.623251
䒬,䒬,34.39337,136.407876
ʏ钬,ʏ钬,34.490276,136.630932
x,x,34.4389,136.62251
I,I,34.358023,136.415798
ɐ,ɐ,34.352059,136.70365
Ik,Ik,34.211469,136.337275
l,l,33.814505,136.048677
I,I󒬖,33.73387,136.009715
ꌧ,ꌧ,35.004444,135.868333
Îs,Îs,35.018357,135.854666
Fs,Fs,35.274464,136.259623
ls,ls,35.380758,136.278384
ߍ]s,ߍ]s,35.128214,136.097846
Îs,Îs,35.013123,135.959994
Rs,Rs,35.058663,135.99402
Is,Is,35.021614,135.997993
bs,bs,34.96612,136.167084
Fs,Fs,35.06747,136.025873
Γs,Γs,35.004106,136.084693
s,s,35.353052,136.035785
ߍ]s,ߍ]s,35.112603,136.20762
Čs,Čs,35.315046,136.291402
쒬,쒬,35.018018,136.246023
,,35.06075,136.124438
,,35.168834,136.212306
L,L,35.200171,136.230302
bǒ,bǒ,35.204224,136.26135
꒬,꒬,35.222035,136.292199
s{,s{,35.021242,135.755613
ss,ss,35.011574,135.768181
k,ssk,35.04097,135.753991
㋞,ss㋞,35.02953,135.756697
,ss,35.04858,135.778575
,ss,35.010404,135.751433
R,ssR,34.997082,135.776282
,ss,34.98756,135.755469
,ss,34.976756,135.746418
E,ssE,35.010116,135.715996
,ss,34.935546,135.761321
Rȋ,ssRȋ,34.972297,135.813625
,ss,34.985027,135.693108
mRs,mRs,35.296725,135.126532
ߎs,ߎs,35.474797,135.385992
s,s,35.298916,135.258812
Fs,Fs,34.8844,135.79978
{Îs,{Îs,35.535577,135.195567
Ts,Ts,35.013475,135.573512
zs,zs,34.852958,135.780074
s,s,34.948392,135.698402
s,s,34.926782,135.695685
s,s,34.875533,135.707571
cӎs,cӎs,34.814442,135.767842
Os,Os,35.624169,135.060997
Os,Os,35.10739,135.470239
ؒÐs,ؒÐs,34.737179,135.820058
R蒬,R蒬,34.902795,135.688476
vR,vR,34.881502,135.732564
蒬,蒬,34.798373,135.803308
Fc,Fc,34.845154,135.868238
}u,}u,34.760497,135.93938
a,a,34.795726,135.904866
ؒ,ؒ,34.760819,135.785686
R鑺,R鑺,34.772787,135.993665
Og,Og,35.169997,135.419305
ɍ,ɍ,35.675172,135.272853
^Ӗ쒬,^Ӗ쒬,35.565375,135.152916
{,{,34.686389,135.52
s,s,34.693891,135.502046
s,ss,34.701279,135.52809
,s,34.692357,135.472232
ԋ,sԋ,34.683038,135.452225
,s,34.676384,135.486111
`,s`,34.663918,135.460611
吳,s吳,34.650417,135.472694
V,sV,34.657869,135.51937
Q,sQ,34.659419,135.49955
,s,34.711409,135.456202
,s,34.741313,135.52934
,s,34.669996,135.541223
,s,34.653745,135.534447
,s,34.721266,135.544142
铌,s铌,34.703199,135.544812
{,s{,34.638969,135.518499
Zg,sZg,34.603718,135.500498
Zg,sZg,34.622118,135.526612
,s,34.635058,135.494587
,s,34.721006,135.486746
ߌ,sߌ,34.704566,135.57419
ZV],sZV],34.60967,135.482717
,s,34.62116,135.545999
k,sk,34.705581,135.510095
,s,34.681225,135.509687
s,s,34.573354,135.48302
,s,34.573354,135.48302
,s,34.528312,135.498724
,s,34.538228,135.536474
,s,34.535063,135.464014
,s,34.486444,135.49054
k,sk,34.565478,135.517192
,s,34.538483,135.559827
ݘacs,ݘacs,34.460597,135.370871
Ls,Ls,34.781239,135.469889
rcs,rcs,34.821686,135.428555
cs,cs,34.759405,135.516799
Îs,Îs,34.504268,135.410472
Ύs,Ύs,34.8461,135.617216
Lˎs,Lˎs,34.437686,135.358431
s,s,34.735811,135.561724
s,s,34.814465,135.650642
؎s,؎s,34.816153,135.568503
s,s,34.626884,135.600948
򍲖s,򍲖s,34.406839,135.327337
xcюs,xcюs,34.499675,135.59728
Qs,Qs,34.766079,135.628008
͓s,͓s,34.458107,135.564119
s,s,34.577901,135.551786
哌s,哌s,34.712013,135.623471
as,as,34.483151,135.423306
ʎs,ʎs,34.826929,135.470379
s,s,34.57831,135.629182
Hgs,Hgs,34.558002,135.606226
^s,^s,34.739145,135.586899
ےÎs,ےÎs,34.777387,135.561886
Ύs,Ύs,34.520673,135.442395
䎛s,䎛s,34.574283,135.597476
s,s,34.679324,135.600898
s,s,34.366007,135.2733
ls,ls,34.740064,135.639727
s,s,34.787958,135.679978
㋷Rs,㋷Rs,34.503718,135.555748
s,s,34.359594,135.239656
{,{,34.883819,135.663009
L\,L\,34.91885,135.494096
\,\,34.973422,135.413887
,,34.487125,135.401497
F撬,F撬,34.401308,135.355863
cK,cK,34.393782,135.291176
,,34.3169,135.142085
q,q,34.518656,135.647734
͓쒬,͓쒬,34.491637,135.62988
瑁ԍ㑺,瑁ԍ㑺,34.464601,135.622531
Ɍ,Ɍ,34.691257,135.183078
_ˎs,_ˎs,34.689495,135.195728
,_ˎs,34.720159,135.265429
,_ˎs,34.712356,135.239571
ɋ,_ˎsɋ,34.680584,135.165383
c,_ˎsc,34.665686,135.150854
{,_ˎs{,34.658634,135.133702
,_ˎs,34.63061,135.056919
k,_ˎsk,34.724205,135.146196
,_ˎs,34.695074,135.197794
,_ˎs,34.68325,134.981654
PHs,PHs,34.815496,134.685458
s,s,34.733554,135.406394
Ύs,Ύs,34.643109,134.997182
{s,{s,34.737691,135.34183
F{s,F{s,34.342522,134.895653
s,s,34.726522,135.304179
ɒOs,ɒOs,34.784295,135.400933
s,s,34.803662,134.468193
Ls,Ls,35.544475,134.820187
Ðs,Ðs,34.75662,134.8409
ԕs,ԕs,34.754974,134.390354
es,es,34.98343,134.97973
ˎs,ˎs,34.799817,135.360098
O؎s,O؎s,34.796922,134.990188
s,s,34.766321,134.790509
쐼s,쐼s,34.830132,135.417222
s,s,34.857867,134.939799
Ocs,Ocs,34.889672,135.22529
s,s,34.927811,134.841819
OgRs,Rs,35.075673,135.219002
{s,{s,35.40464,134.767668
Ogs,Ogs,35.177259,135.035816
삠킶s,삠킶s,34.294417,134.779952
s,s,35.339835,134.853117
WHs,WHs,34.439847,134.914633
s,s,35.004435,134.549377
s,s,34.91737,134.973345
̎s,̎s,34.857847,134.545397
쒬,쒬,34.894966,135.376164
,,35.050315,134.923359
,,34.748627,134.913384
d,d,34.715302,134.867911
s쒬,s쒬,34.989365,134.763289
蒬,蒬,34.950319,134.760245
_͒,_͒,35.064235,134.739856
q,q,34.833246,134.572319
S,S,34.873583,134.356098
p,p,35.004296,134.355771
,,35.632169,134.629175
V,V򒬖,35.623509,134.448942
ޗǌ,ޗǌ,34.685278,135.832778
ޗǎs,ޗǎs,34.685117,135.804995
acs,acs,34.51575,135.737387
aSRs,aSRs,34.649368,135.782747
Vs,Vs,34.596617,135.837367
s,s,34.509453,135.792756
s,s,34.51884,135.84274
ܞs,ܞs,34.356358,135.695556
䏊s,䏊s,34.46334,135.740177
s,s,34.691979,135.700553
Ŏs,Ŏs,34.541295,135.699162
s,s,34.489158,135.726563
FɎs,FɎs,34.528073,135.952303
RY,RY,34.681261,136.043797
Q,Q,34.629155,135.700711
O,O,34.599977,135.695425
,,34.608852,135.730593
g,g,34.606488,135.756781
쐼,쐼,34.584383,135.773871
O,O,34.573678,135.773177
c{,c{,34.556667,135.79494
],],34.510664,136.124475
,񑺖,34.488391,136.16591
撬,撬,34.449468,135.793168
,,34.471281,135.820633
q,q,34.562723,135.716674
,,34.594696,135.706705
L˒,L˒,34.54274,135.750842
͍,͍,34.578369,135.736699
g쒬,g쒬,34.396046,135.857612
嗄,嗄,34.390529,135.789798
s,s,34.360951,135.791872
ꑺ,ꑺ,34.309276,135.85225
V쑺,V쑺,34.241929,135.855135
씗쑺,씗쑺,34.166293,135.63303
\Ð쑺,\Ð쑺,33.988504,135.792611
kR,kR,34.00508,135.955178
kR,kR,34.134321,136.000149
㑺,㑺,34.338121,135.954303
g쑺,g쑺,34.403541,135.968307
a̎R,a̎R,34.226111,135.1675
a̎Rs,a̎Rs,34.230514,135.170808
Cs,Cs,34.157533,135.239675
{s,{s,34.314876,135.605208
Lcs,Lcs,34.083104,135.127727
Vs,Vs,33.891412,135.152406
cӎs,cӎs,33.72801,135.377662
V{s,V{s,33.724224,135.992525
I̐s,I̐s,34.269538,135.362576
os,os,34.256267,135.311451
I쒬,I쒬,34.167192,135.307575
炬,炬,34.296416,135.503802
xR,xR,34.287192,135.562242
쒬,쒬,34.216077,135.586536
,󒬖,34.029418,135.190427
L쒬,L쒬,34.029957,135.173072
Lc쒬,Lc쒬,34.057488,135.216116
l,l,33.893806,135.133265
,,33.925677,135.141072
Rǒ,Rǒ,33.959251,135.118187
쒬,쒬,33.819533,135.222515
݂Ȃג,݂Ȃג,33.772333,135.321434
쒬,쒬,33.911693,135.186
l,l,33.678188,135.348108
xc,xc,33.696352,135.428802
ݒ,ݒ,33.550062,135.496678
ߒqY,ߒqY,33.625988,135.941042
n,n,33.594037,135.943964
Í쒬,Í쒬,33.53199,135.814999
kR,kR,33.9321,135.969303
{,{,33.485686,135.787016
挧,挧,35.503449,134.238261
s,s,35.494376,134.222133
Ďqs,Ďqs,35.428136,133.330939
qgs,qgs,35.430182,133.825561
`s,`s,35.539606,133.2316
,,35.575896,134.332087
,,35.340149,134.400992
q,q,35.265081,134.226587
,,35.409211,134.250526
O,O,35.408461,133.861742
l,l,35.489915,133.864681
ՉY,ՉY,35.495184,133.692779
kh,kh,35.490011,133.758294
gÑ,gÑ,35.440179,133.380808
R,R,35.510779,133.496123
암,암,35.34033,133.326829
˒,˒,35.38523,133.407384
쒬,쒬,35.163311,133.306255
쒬,쒬,35.240793,133.442659
]{,]{,35.27599,133.478963
,,35.472293,133.05052
]s,]s,35.468039,133.048527
lcs,lcs,34.899255,132.079883
o_s,o_s,35.366917,132.754712
vcs,vcs,34.674814,131.842862
cs,cs,35.19209,132.499351
s,s,35.431451,133.250851
]Îs,]Îs,35.011621,132.217754
_s,_s,35.307718,132.900345
o_,o_,35.197428,133.002549
ѓ쒬,ѓ쒬,35.00004,132.713872
{,{,34.995211,132.495853
,,35.076512,132.590543
W쒬,W쒬,34.893934,132.437976
Øa쒬,Øa쒬,34.541961,131.83508
g꒬,g꒬,34.35351,131.935137
Cm,Cm,36.096561,133.096701
m,m,36.091825,133.013467
mv,mv,36.013927,133.039372
B̓,B̓,36.213394,133.311818
R,R,34.661739,133.935032
Rs,Rs,34.655107,133.919566
k,Rsk,34.655107,133.919566
,Rs,34.670776,133.943144
,Rs,34.651374,134.029463
,Rs,34.599771,133.919553
q~s,q~s,34.584677,133.772281
ÎRs,ÎRs,35.069118,134.004543
ʖs,ʖs,34.491979,133.946012
}s,}s,34.507182,133.507441
䌴s,䌴s,34.597709,133.463798
Ўs,Ўs,34.67281,133.746531
s,s,34.791361,133.616678
Vs,Vs,34.977058,133.470345
Os,Os,34.74521,134.188822
˓s,˓s,34.664893,134.092849
Ԕ֎s,Ԕ֎s,34.755396,134.018848
^s,^s,35.075591,133.752756
s,s,35.008594,134.148578
s,s,34.527834,133.584911
aC,aC,34.802882,134.157539
,,34.600822,133.828304
,,34.51374,133.556886
|,|,34.627596,133.587085
V,V,35.179367,133.567638
쒬,쒬,35.091772,133.93303
,,35.04179,134.116172
ދ`,ދ`,35.123024,134.177427
q,q,35.171677,134.335707
vē쒬,vē쒬,34.929179,133.960647
璬,璬,34.997967,133.958149
g,g,34.863404,133.6935
L,L,34.396558,132.459646
Ls,Ls,34.385253,132.455337
,Ls,34.386288,132.454992
,Ls,34.395333,132.482384
,Ls,34.379884,132.469061
,Ls,34.393966,132.434426
,Ls,34.45185,132.471641
k,Lsk,34.518282,132.507633
|,Ls|,34.371756,132.525542
,Ls,34.36446,132.36082
s,s,34.249254,132.565805
|s,|s,34.341794,132.907091
Os,Os,34.39747,133.078525
s,s,34.409162,133.205628
Rs,Rs,34.485927,133.36234
{s,{s,34.568349,133.236323
Os,Os,34.805627,132.85179
s,s,34.857743,133.017264
|s,|s,34.237952,132.222361
Ls,Ls,34.426787,132.743746
ss,ss,34.348416,132.331541
|cs,|cs,34.666099,132.703977
]cs,]cs,34.174967,132.46221
{,{,34.392589,132.504544
Cc,Cc,34.372159,132.536155
F쒬,F쒬,34.335783,132.584604
⒬,⒬,34.341282,132.513639
|c,|c,34.576731,132.227141
kL,kL,34.674541,132.538427
㓇,㓇,34.269552,132.914963
,,34.586837,133.056631
_΍,_΍,34.703612,133.251651
R,R,34.185833,131.471389
֎s,֎s,33.957279,130.940935
Fs,Fs,33.951623,131.246761
Rs,Rs,34.178178,131.473511
s,s,34.408107,131.399104
h{s,h{s,34.051756,131.562627
s,s,34.015038,131.870317
⍑s,⍑s,34.1665,132.218942
s,s,33.961916,131.942296
s,s,34.370959,131.182198
s,s,33.963839,132.101597
Is,Is,34.16667,131.205703
s,s,34.055135,131.806293
Rzcs,Rzcs,34.003089,131.181786
h哇,h哇,33.927628,132.19532
aؒ,aؒ,34.202408,132.220405
֒,֒,33.831093,132.110772
cz{,cz{,33.954677,132.041366
,,33.937969,132.073057
,,34.503352,131.47136
,,34.06571,134.559419
s,s,34.070234,134.554713
s,s,34.17259,134.6088
s,s,34.004713,134.590603
s,s,33.921762,134.659566
gs,gs,34.066235,134.358667
gs,gs,34.102138,134.297456
ns,ns,34.053387,134.169725
ODs,ODs,34.026044,133.80718
Y,Y,33.931453,134.511251
㏟,㏟,33.888841,134.401819
߉͓,߉͓,33.993141,134.453294
Έ䒬,Έ䒬,34.074698,134.440764
_R,_R,33.967225,134.350531
߉꒬,߉꒬,33.857497,134.496736
,򒬖,33.668312,134.420661
g,g,33.734573,134.535413
Cz,Cz,33.602043,134.351866
Β,Β,34.133849,134.580537
k,k,34.125594,134.546985
Z,Z,34.126776,134.495112
쒬,쒬,34.144364,134.462616
,,34.121365,134.404999
邬,邬,34.037307,134.064051
݂悵,݂悵,34.036785,133.93676
쌧,쌧,34.340088,134.043224
s,s,34.342791,134.046574
ۋTs,ۋTs,34.289886,133.798713
os,os,34.316692,133.860493
Pʎs,Pʎs,34.228417,133.787153
ωs,ωs,34.12737,133.661597
ʂs,ʂs,34.32521,134.171989
s,s,34.243803,134.358837
OLs,OLs,34.182556,133.715203
y,y,34.486653,134.188629
,,34.479714,134.30888
Oؒ,Oؒ,34.268355,134.134363
,,34.45983,133.995638
FÒ,FÒ,34.310301,133.825566
쒬,쒬,34.249613,133.923099
Օ,Օ,34.19142,133.823303
xÒ,xÒ,34.272474,133.753569
܂̂,܂̂,34.192334,133.841393
Q,Q,33.841667,132.766111
Rs,Rs,33.839157,132.765556
s,s,34.066043,132.997658
Fas,Fas,33.22334,132.560563
ls,ls,33.462898,132.423334
Vls,Vls,33.960329,133.283379
s,s,33.919615,133.181186
Fs,Fs,33.506285,132.544514
ɗ\s,ɗ\s,33.757461,132.703778
ls,ls,33.980694,133.549188
\s,\s,33.363017,132.510967
s,s,33.791027,132.872299
㓇,㓇,34.257467,133.204492
v,v,33.655603,132.901665
O,O,33.787479,132.711364
u,u,33.74926,132.792233
q,q,33.532937,132.658083
ɕ,ɕ,33.488593,132.353998
쒬,쒬,33.22715,132.710935
Sk,Sk,33.255792,132.684032
쒬,쒬,32.962168,132.583326
m,m,33.559722,133.531111
ms,ms,33.558722,133.531094
ˎs,ˎs,33.289955,134.151981
|s,|s,33.502416,133.907074
썑s,썑s,33.575673,133.64146
ys,ys,33.496012,133.425326
{s,{s,33.400745,133.282959
hюs,hюs,32.939014,132.726269
ys,ys,32.781603,132.9551
l\s,l\s,32.991385,132.93375
s,s,33.564362,133.700788
s,s,33.60386,133.686245
m,m,33.527976,134.279968
ޔ,ޔ,33.424179,134.020957
c쒬,c쒬,33.427713,134.008209
c,c,33.43908,133.981215
k쑺,k쑺,33.447694,134.042069
nH,nH,33.555347,134.048114
|,|,33.526915,133.808942
{R,{R,33.757028,133.591481
L,L,33.768594,133.642959
y,y,33.737026,133.531791
쑺,쑺,33.783927,133.466613
̒,̒,33.548689,133.427583
m쒬,m쒬,33.575286,133.171
y,y,33.329273,133.224785
쒬,쒬,33.500809,133.286642
zm,zm,33.532848,133.252221
,,33.39217,132.927065
,,33.535083,133.373201
Ö쒬,Ö쒬,33.446666,133.199377
l\,l\,33.211606,133.137037
匎,匎,32.841481,132.70699
O,O,32.90609,132.84725
,,33.024965,133.004158
,,33.606389,130.418056
kBs,kBs,33.883408,130.875183
i,kBsi,33.941238,130.959546
ᏼ,kBsᏼ,33.905435,130.811221
˔,kBs˔,33.893442,130.8298
qk,kBsqk,33.88089,130.873361
q,kBsq,33.846525,130.884808
,kBs,33.86354,130.811892
,kBs,33.86641,130.764303
s,s,33.590313,130.401735
,s,33.617744,130.417363
,s,33.591505,130.414781
,s,33.589238,130.392819
,s,33.561561,130.426442
,s,33.582917,130.323133
,s,33.575686,130.369912
ǋ,sǋ,33.581944,130.348409
喴cs,喴cs,33.030248,130.446058
vĎs,vĎs,33.319286,130.508371
s,s,33.744181,130.729652
ђˎs,ђˎs,33.646083,130.691422
cs,cs,33.63876,130.806298
s,s,33.163064,130.405739
s,s,33.211952,130.557912
}s,}s,33.212246,130.502151
s,s,33.206622,130.383922
ss,ss,33.728762,130.982963
LOs,LOs,33.611538,131.129941
Ԏs,Ԏs,33.816699,130.709026
Ss,Ss,33.39645,130.555541
}s,}s,33.487386,130.526007
ts,ts,33.532629,130.470368
s,s,33.53629,130.478697
@s,@s,33.805448,130.540651
ɕ{s,ɕ{s,33.512835,130.523876
És,És,33.728664,130.469995
Îs,Îs,33.766897,130.491038
͎s,͎s,33.347305,130.754928
{s,{s,33.723666,130.667417
Ös,Ös,33.598421,130.719217
qs,qs,33.423412,130.665573
݂܎s,݂܎s,33.152434,130.474734
s,s,33.55745,130.1955
߉ϐs,߉ϐs,33.499597,130.4222
F,F,33.567768,130.511208
I,I,33.623869,130.526207
uƒ,uƒ,33.591503,130.479807
{b,{b,33.587268,130.507234
V{,V{,33.715313,130.446567
vR,vR,33.646726,130.499906
,,33.610854,130.480582
,,33.893862,130.663874
,,33.85485,130.694783
_,_,33.853491,130.611749
꒬,꒬,33.848166,130.668341
|,|,33.696782,130.707784
Ǝ蒬,Ǝ蒬,33.792112,130.674008
j쒬,j쒬,33.578889,130.678118
}O,}O,33.457033,130.595183
,,33.397314,130.869919
品,品,33.372425,130.622454
ؒ,ؒ,33.210453,130.439806
L쒬,L쒬,33.241499,130.551416
t,t,33.668006,130.847401
Yc,Yc,33.571816,130.854088
c,c,33.652736,130.778958
蒬,蒬,33.599956,130.814915
C,C,33.612164,130.853742
ԑ,ԑ,33.616692,130.870855
q,q,33.683263,130.78012
c,c,33.776006,130.980475
݂₱,݂₱,33.699236,130.920096
gx,gx,33.602643,131.175951
ђ,ђ,33.578425,131.164207
z㒬,z㒬,33.656381,131.055784
ꌧ,ꌧ,33.249322,130.298799
s,s,33.263543,130.300835
Îs,Îs,33.450103,129.96797
s,s,33.377758,130.506244
vs,vs,33.288513,130.110061
ɖs,ɖs,33.264741,129.880702
Ys,Ys,33.194873,130.021557
s,s,33.103804,130.098603
s,s,33.273776,130.21728
s,s,33.128092,130.06012
_s,_s,33.311423,130.371662
g샖,g샖,33.321148,130.398753
R,R,33.426944,130.523052
,,33.319626,130.426137
݂₫,݂₫,33.324943,130.45459
C,C,33.472164,129.874689
Lc,Lc,33.210574,129.849014
咬,咬,33.213871,130.116032
]k,]k,33.220464,130.15731
Β,Β,33.181082,130.143493
ǒ,ǒ,33.019436,130.179126
茧,茧,32.75004,129.867251
s,s,32.750311,129.877906
ێs,ێs,33.179904,129.71509
s,s,32.787991,130.370223
|s,|s,32.844208,130.053601
呺s,呺s,32.89996,129.958217
ˎs,ˎs,33.368065,129.553671
Ys,Ys,33.341023,129.709047
Δns,Δns,34.202643,129.287518
s,s,33.749978,129.691377
ܓs,ܓs,32.695777,128.84089
Cs,Cs,32.933117,129.642962
_s,_s,32.835214,130.187508
쓇s,쓇s,32.659716,130.297783
^,^,32.82517,129.875071
Ò,Ò,32.828885,129.848527
ދn,ދn,33.037031,129.917149
I,I,33.072679,129.861562
g,g,33.13789,129.895548
l꒬,l꒬,33.191074,129.058766
X,X,33.238426,129.650353
Vܓ,Vܓ,32.984553,129.073401
F{,F{,32.789722,130.741667
F{s,F{s,32.803078,130.707897
,F{s,32.803218,130.708223
,F{s,32.78053,130.768061
,F{s,32.776371,130.647562
,F{s,32.71536,130.678922
k,F{sk,32.903561,130.694263
s,s,32.507412,130.601888
lgs,lgs,32.216889,130.739392
rs,rs,32.986838,130.433036
s,s,32.211883,130.408725
ʖs,ʖs,32.935266,130.562877
Rs,Rs,33.016728,130.691297
ers,ers,32.979485,130.813241
Fys,Fys,32.687292,130.658562
Vs,Vs,32.587422,130.430405
Fs,Fs,32.647814,130.684287
hs,hs,32.952222,131.121389
Vs,Vs,32.458621,130.19301
us,us,32.885996,130.789726
,,32.639609,130.789007
ʓ,ʓ,32.918905,130.628593
֒,֒,33.061599,130.541126
F,F,32.929756,130.4527
a,a,32.978158,130.605813
Ò,Ò,32.877904,130.868653
ez,ez,32.862515,130.828654
쏬,쏬,33.098192,131.070724
,,33.121568,131.068157
YR,YR,32.995747,131.216799
X,X,32.827271,131.122023
,,32.834719,130.903036
숢h,숢h,32.845046,131.017881
D,D,32.714585,130.801821
Ó,Ó,32.740072,130.757303
v钬,v钬,32.800608,130.817015
b,b,32.651356,130.811466
Rs,Rs,32.685387,130.990443
X쒬,X쒬,32.582402,130.673753
k,k,32.299102,130.493119
Óޖؒ,Óޖؒ,32.233892,130.439621
ђ,ђ,32.200987,130.840902
ǖؒ,ǖؒ,32.264039,130.935795
O,O,32.276144,130.980987
㑺,㑺,32.314379,131.009541
Ǒ,Ǒ,32.23526,130.797985
ܖؑ,ܖؑ,32.397343,130.827833
R],R],32.246465,130.767136
,,32.252621,130.651274
蒬,蒬,32.240321,130.897827
k,k,32.513413,130.05472
啪,啪,33.238056,131.6125
啪s,啪s,33.239526,131.609377
ʕ{s,ʕ{s,33.284642,131.491328
Îs,Îs,33.598302,131.18824
cs,cs,33.321041,130.94131
s,s,32.960204,131.899499
Pns,Pns,33.125948,131.804638
Ëvs,Ëvs,33.072339,131.861219
|cs,|cs,32.973673,131.397838
L㍂cs,L㍂cs,33.556202,131.446931
nzs,nzs,33.417029,131.616089
Fs,Fs,33.532327,131.350337
Ls,Ls,32.978152,131.585011
Rzs,Rzs,33.179996,131.426792
s,s,33.563327,131.732264
P,P,33.724536,131.645143
o,o,33.369442,131.532536
d,d,33.228521,131.188797
쒬,쒬,33.283135,131.151553
{茧,{茧,31.911111,131.423889
{s,{s,31.907676,131.420244
ss,ss,31.719519,131.061497
s,s,32.582401,131.664859
s,s,31.601932,131.378731
юs,юs,31.996657,130.972674
s,s,32.422947,131.623962
Ԏs,Ԏs,31.464539,131.228306
ss,ss,32.107862,131.400948
т̎s,т̎s,32.045347,130.810841
OҒ,OҒ,31.730686,131.12492
,,31.928413,131.00787
x,x,31.990646,131.323535
,,31.999135,131.253182
璬,璬,32.12799,131.503341
Vx,Vx,32.068937,131.487984
ėǑ,ėǑ,32.226354,131.154452
؏钬,؏钬,32.163784,131.473354
쒬,쒬,32.192009,131.525816
s_,s_,32.256434,131.55969
쒬,쒬,32.470914,131.646471
ˑ,ˑ,32.512184,131.330319
ŗt,ŗt,32.467408,131.158228
,,32.440256,131.423106
䒬,䒬,32.711651,131.307871
Ve,Ve,32.659465,131.380909
܃,܃,32.68338,131.19691
,,31.560278,130.558056
s,s,31.596789,130.557339
s,s,31.378268,130.852223
s,s,31.272922,130.296991
vs,vs,32.014364,130.192622
os,os,32.090458,130.352647
whs,whs,31.252805,130.633118
V\s,V\s,30.732453,130.997035
s,s,31.492758,130.70093
Fs,Fs,31.813486,130.30395
us,us,31.633709,130.402436
]s,]s,31.653622,131.019255
s,s,31.741015,130.763136
ؖs,ؖs,31.714542,130.271934
삳܎s,삳܎s,31.41657,130.323494
uzus,uzus,31.477502,131.099836
s,s,28.377273,129.49378
Bs,Bs,31.378251,130.441623
ɍs,ɍs,32.057152,130.612934
ǎs,ǎs,31.728213,130.627758
O,O,31.594533,130.560735
\,\,31.593157,130.560588
ܒ,ܒ,31.906331,130.45534
,,32.19932,130.176919
N,N,31.951654,130.721025
蒬,蒬,31.429102,131.005592
ǒ,ǒ,31.38579,130.973339
э],э],31.243572,130.787485
,,31.217486,130.768442
̕t,̕t,31.344362,130.945223
q,q,30.532821,130.958847
q,q,30.413905,130.900937
v,v,30.389893,130.651119
a,a,28.358076,129.395262
F,F,28.280773,129.297208
˓,˓,28.146484,129.314734
,,28.4133,129.589355
E,E,28.316838,129.940035
V,V,27.726621,129.018504
V钬,V钬,27.81166,128.897749
ɐ咬,ɐ咬,27.673583,128.937584
a,a,27.392559,128.655253
m,m,27.333676,128.573732
^_,^_,27.044904,128.421675
ꌧ,ꌧ,26.212445,127.680922
ߔes,ߔes,26.212295,127.679218
Xps,Xps,26.281581,127.778637
Ί_s,Ί_s,24.344419,124.185246
YYs,YYs,26.245816,127.721804
s,s,26.591555,127.977474
s,s,26.123542,127.665823
s,s,26.334354,127.805694
Ls,Ls,26.177136,127.681225
܎s,܎s,26.379151,127.85748
{Ós,{Ós,24.789971,125.294752
s,s,26.16319,127.770625
,,26.745725,128.178303
X,X,26.701712,128.120159
,,26.633284,128.15687
Am,Am,26.682527,127.972739
{,{,26.658035,127.898175
[,[,26.497502,127.85357
X,X,26.481585,127.975615
,,26.456137,127.926011
ɍ],ɍ],26.71349,127.807014
ǒJ,ǒJ,26.396154,127.744424
Î[,Î[,26.361723,127.75538
kJ,kJ,26.320069,127.763901
k鑺,k鑺,26.30077,127.79295
鑺,鑺,26.26201,127.789618
,,26.222856,127.758819
^ߌ,^ߌ,26.199577,127.754456
앗,앗,26.191122,127.728554
nÕ~,nÕ~,26.197331,127.364289
Ԗ,Ԗ,26.228949,127.303205
,,26.582431,127.226965
n쑺,n쑺,26.37211,127.141122
哌,哌,25.828903,131.231872
k哌,k哌,25.945712,131.298917
ɕ,ɕ,27.039169,127.96862
ɐ,ɐ,26.928305,127.941226
vē,vē,26.340669,126.805021
d,d,26.15834,127.718649
Ǌԑ,Ǌԑ,24.669449,124.701693
|x,|x,24.339763,124.154437
^ߍ,^ߍ,24.468034,123.004496
